date,step_count,move_minutes_count,calories,distance,average_speed,max_speed,min_speed,city,country,country_code,weather,travel_day
2023-06-09,7313.0,98.0,1740.12255859375,4747.005281553974,0.4719066841954892,2.817439132810464,0.2550294451604079,Bandar Seri Begawan,Brunei,BN,Rain,True
2023-06-10,15471.0,197.0,1740.12255859375,9875.232131116962,0.5260886267859929,2.261622804041923,0.2517785761232136,Bandar Seri Begawan,Brunei,BN,Clouds,True
2023-06-11,18270.0,242.0,1740.1225585937502,12031.028785274331,0.6683663032482626,1.95114715888312,0.2561596456678258,Bandar Seri Begawan,Brunei,BN,Clouds,True
2023-06-12,20576.0,278.0,1740.12255859375,13266.650043299149,0.5689226265874996,1.828649706657705,0.2492988166037418,Kota Kinabalu,Malaysia,MY,Clouds,True
2023-06-13,15758.0,168.0,1740.12255859375,10861.424753315236,0.5693067137577215,1.889657653245395,0.2549475882311778,Kota Kinabalu,Malaysia,MY,Clouds,True
2023-06-14,17165.0,210.0,1740.12255859375,11372.162409664816,0.5186516758938846,2.023146033404715,0.2491626529911135,Kota Kinabalu,Malaysia,MY,Thunderstorm,True
2023-10-10,601.0,7.0,1740.1225585937498,291.4963250896202,0.318313629517831,0.7770040838127387,0.2917227883239229,Kuala Lumpur,Malaysia,MY,Rain,True
2023-10-11,398.0,1.0,1740.12255859375,156.28385369705418,0.3900926519024746,0.8765873143512846,0.3138229672562032,Kuala Lumpur,Malaysia,MY,Thunderstorm,True
2023-10-12,303.0,1.0,1740.1225585937498,95.67132395849326,0.6243723737560156,0.9682857511162756,0.25105839951334,Kuala Lumpur,Malaysia,MY,Rain,True
2023-10-13,3300.0,46.0,1740.12255859375,1931.054510246182,0.3490284461777514,1.3628928373909466,0.2719799328061184,Kuala Lumpur,Malaysia,MY,Rain,True
2023-10-14,3878.0,59.0,1740.12255859375,2266.6041512660213,0.4799607174437869,1.6020542913807063,0.25105839951334,Kuala Lumpur,Malaysia,MY,Rain,True
2023-10-15,10719.0,148.0,1740.12255859375,6774.714738754818,0.5912568352696125,1.7067409323722358,0.25105839951334,Kuala Lumpur,Malaysia,MY,Clouds,True
2024-02-02,11434.0,173.0,1740.12255859375,7244.286905786377,0.6272129846653263,1.4759961093077738,0.2541143185706791,Kathmandu,Nepal,NP,Clouds,True
2024-02-03,14399.0,201.0,1740.1225585937498,9201.379363407654,0.4793127776242019,1.369792939614429,0.25105839951334,Kathmandu,Nepal,NP,Clouds,True
2024-02-04,28267.0,401.0,1740.1225585937498,18255.39991667022,0.5362046474556239,1.9077110603001783,0.249892648483946,Kathmandu,Nepal,NP,Haze,True
2024-02-05,9892.0,125.0,1740.12255859375,6297.308445443466,0.5670369805590731,1.4019750866096212,0.25105839951334,Kathmandu,Nepal,NP,Clouds,True
2024-02-06,12881.0,184.0,1740.1225585937498,8160.834829535827,0.5113129938270955,1.268463233394929,0.25105839951334,Kathmandu,Nepal,NP,Clouds,True
2024-02-07,4584.0,56.0,1740.12255859375,2488.2088592907407,0.49492347375706,1.4468999976937984,0.2719799328061184,Kathmandu,Nepal,NP,Clouds,True
2024-02-10,13134.0,190.0,1740.1225585937502,8366.405210113575,0.54669069021871,1.267598494396834,0.25105839951334,New Delhi,India,IN,Haze,True
2024-02-11,18725.0,289.0,1740.12255859375,11694.4501768313,0.5346990196240259,1.20995956137165,0.25105839951334,New Delhi,India,IN,Haze,True
2024-02-12,3459.0,57.0,1740.1225585937502,2112.336862947092,0.5815861287191604,1.1499393869641448,0.3138229689932555,New Delhi,India,IN,Haze,True
2024-02-13,4138.0,64.0,1740.12255859375,2500.296129213544,0.567335559051876,1.2093813032657734,0.2824406994525075,Chennai,India,IN,Clouds,True
2024-02-14,3017.0,46.0,1740.1225585937502,1795.4208225397233,0.4188908722412984,1.1479432503686868,0.2615191661597292,Chennai,India,IN,Clouds,True
2024-02-17,11296.0,161.0,1740.12255859375,7076.975278098196,0.485838282851967,1.215893429840716,0.2474446056728078,Chennai,India,IN,Clear,True
2024-02-18,16153.0,240.0,1740.12255859375,10028.047829634328,0.6107686262501894,1.4376405137141124,0.2615191661597292,Chennai,India,IN,Clouds,True
2024-02-19,4860.0,73.0,1740.12255859375,2810.426527229732,0.5939618516375342,1.276086281665271,0.2540183448163148,Chennai,India,IN,Clouds,True
2024-02-20,2884.0,49.0,1740.12255859375,1752.506999335816,0.4730821098646241,1.266635656027908,0.2615191661597292,Chennai,India,IN,Clouds,True
2024-02-21,7384.0,109.0,1740.12255859375,4697.827836992481,0.5314319295857903,1.3010234485651726,0.2824406994525075,Chennai,India,IN,Clear,True
2024-02-22,6690.0,99.0,1414.227162195234,3958.5438178167374,0.4625096994921307,1.4595767929369723,0.25105839951334,Colombo,Sri Lanka,LK,Clouds,True
2024-02-26,10448.0,163.0,1740.12255859375,6276.814298688034,0.4069610861790874,1.5433723445552632,0.2477555134624766,Colombo,Sri Lanka,LK,Clouds,True
2024-02-27,5911.0,79.0,1740.12255859375,3391.3004212812466,0.4340254441307883,1.176453964927182,0.25105839951334,Colombo,Sri Lanka,LK,Rain,True
2024-02-28,9340.0,136.0,1740.12255859375,5668.993560491549,0.4070786510804576,1.2836476597479622,0.2615191661597292,Colombo,Sri Lanka,LK,Clouds,True
2024-02-29,3022.0,54.0,1740.12255859375,1715.1819117438108,0.4382880259416431,1.0658931912652223,0.25105839951334,Kuala Lumpur,Malaysia,MY,Clouds,True
2024-03-01,2154.0,33.0,1740.12255859375,1207.3856552702532,0.3667357523806114,0.9613017622463718,0.25105839951334,Kuala Lumpur,Malaysia,MY,Rain,True
2024-03-02,10474.0,163.0,1740.12255859375,6450.699910835948,0.4217650379114816,1.106909677092759,0.2615191661597292,Kuala Lumpur,Malaysia,MY,Thunderstorm,True
2024-03-03,7261.0,104.0,1740.12255859375,4421.601679423414,0.4399206423319906,1.1673394712735772,0.2580986904463188,Kuala Lumpur,Malaysia,MY,Rain,True
2024-03-04,2870.0,43.0,1740.1225585937498,1689.836911496054,0.5680571979803701,1.0972045323436892,0.25105839951334,Kuala Lumpur,Malaysia,MY,Rain,True
2024-03-05,8738.0,144.0,1740.12255859375,5580.758860569791,0.5679233369693307,1.3609928264689315,0.2595658499694843,Kuala Lumpur,Malaysia,MY,Rain,True
2024-03-06,3579.0,60.0,1740.1225585937502,2158.4855976489675,0.3899260201628814,1.207308121057624,0.25105839951334,Kuala Lumpur,Malaysia,MY,Rain,True
2024-03-07,8856.0,139.0,1740.1225585937502,5496.11163542985,0.4147378312941442,1.2859342354064576,0.2615191661597292,Jakarta,Indonesia,ID,Clouds,True
2024-03-07,8856.0,139.0,1740.1225585937502,5496.11163542985,0.4147378312941442,1.2859342354064576,0.2615191661597292,Jakarta,Indonesia,ID,Clouds,True
2024-03-08,6701.0,91.0,1740.12255859375,4129.704303666443,0.4927221734989956,1.1996681729607166,0.25105839951334,Jakarta,Indonesia,ID,Rain,True
2024-03-08,6701.0,91.0,1740.12255859375,4129.704303666443,0.4927221734989956,1.1996681729607166,0.25105839951334,Jakarta,Indonesia,ID,Rain,True
2024-03-09,3201.0,55.0,1092.5376352646724,1949.508092538248,0.3741280194766455,1.2095327648871517,0.2615191661597292,Jakarta,Indonesia,ID,Rain,True
2024-03-09,3201.0,55.0,1092.5376352646724,1949.508092538248,0.3741280194766455,1.2095327648871517,0.2615191661597292,Jakarta,Indonesia,ID,Rain,True
2024-03-10,1876.0,33.0,1740.12255859375,1130.2284965878416,0.589411906031807,1.195907506413224,0.248065080870832,Jakarta,Indonesia,ID,Haze,True
2024-03-10,1876.0,33.0,1740.12255859375,1130.2284965878416,0.589411906031807,1.195907506413224,0.248065080870832,Jakarta,Indonesia,ID,Haze,True
2024-03-12,5581.0,82.0,1740.12255859375,3386.989910824366,0.4847356083223963,1.2948364706502378,0.25105839951334,Jakarta,Indonesia,ID,Clouds,True
2024-03-12,5581.0,82.0,1740.12255859375,3386.989910824366,0.4847356083223963,1.2948364706502378,0.25105839951334,Jakarta,Indonesia,ID,Clouds,True
2024-03-13,6036.0,87.0,1740.1225585937502,3806.219569875143,0.57574235810125,1.318039770298723,0.2824406994525075,Jakarta,Indonesia,ID,Haze,True
2024-03-13,6036.0,87.0,1740.1225585937502,3806.219569875143,0.57574235810125,1.318039770298723,0.2824406994525075,Jakarta,Indonesia,ID,Haze,True
2024-03-14,89.0,1.0,1740.12255859375,17.239044645977124,1.3679657414883215,1.3679657414883215,1.3679657414883215,Jakarta,Indonesia,ID,Clouds,True
2024-03-14,89.0,1.0,1740.12255859375,17.239044645977124,1.3679657414883215,1.3679657414883215,1.3679657414883215,Jakarta,Indonesia,ID,Clouds,True
2024-03-15,2490.0,40.0,1740.12255859375,1502.632776411375,0.6061446840430655,1.460213871439369,0.2921577891523196,Jakarta,Indonesia,ID,Thunderstorm,True
2024-03-15,2490.0,40.0,1740.12255859375,1502.632776411375,0.6061446840430655,1.460213871439369,0.2921577891523196,Jakarta,Indonesia,ID,Thunderstorm,True
2024-03-16,1865.0,26.0,1740.12255859375,1096.4387611827776,0.4383952587497818,1.3531430244141134,0.2719799328061184,Jakarta,Indonesia,ID,Haze,True
2024-03-16,1865.0,26.0,1740.12255859375,1096.4387611827776,0.4383952587497818,1.3531430244141134,0.2719799328061184,Jakarta,Indonesia,ID,Haze,True
2024-04-09,9541.0,154.0,1740.1225585937502,5921.198865300346,0.5300057590859772,1.215914789645474,0.2615191661597292,Hong Kong,China,HK,Clouds,True
2024-04-10,13772.0,232.0,1740.12255859375,8461.676223799257,0.503704801030377,1.1839040249944688,0.2462098243173129,Hong Kong,China,HK,Clouds,True
2024-04-11,13530.0,226.0,1740.12255859375,8286.236320627042,0.4935913686403229,1.1924254310810594,0.25105839951334,Hong Kong,China,HK,Clear,True
2024-04-12,8347.0,140.0,1740.12255859375,4992.92855854787,0.4948928872150366,1.2749931961352918,0.25105839951334,Hong Kong,China,HK,Clear,True
2024-04-13,41457.0,554.0,1740.12255859375,27274.52930622541,0.7172827641129232,1.8240979100716848,0.2453860130633889,Hong Kong,China,HK,Clouds,True
2024-11-01,16949.0,232.0,3271.95284968903,10290.763692961951,0.5128137415393857,1.288747813298908,0.2460760165536469,Luxembourg,Luxembourg,LU,Clouds,True
2024-11-02,16506.0,215.0,3149.255744255267,10188.923126741232,0.5345655657657656,1.6891879891410713,0.2550294451604079,Luxembourg,Luxembourg,LU,Clouds,True
2024-11-10,24860.0,317.0,3524.389120090867,15400.578796759064,0.640531458484452,1.3246836131412512,0.2491556191976362,Amsterdam,Netherlands,NL,Clouds,True
2024-11-11,22283.0,284.0,3790.129463660944,13878.273060188723,0.4798208333585895,1.26692363919044,0.2762818989237753,Amsterdam,Netherlands,NL,Rain,True
2024-12-30,28581.0,386.0,3910.615435487533,18294.11877413747,0.6710960739263265,1.4135188857165746,0.2550294451604079,Paris,France,FR,Fog,True
2024-12-31,31161.0,398.0,3730.838315768183,20017.038865538543,0.6095966478688164,1.324373262625927,0.2481667286044508,Paris,France,FR,Clouds,True
2025-02-04,18312.0,226.0,2803.121611649625,11780.946755745434,0.4941067702946165,1.3481664515670633,0.2486781670616104,Marrakech,Morocco,MA,Clear,True
2025-02-05,16188.0,208.0,2781.8211545737468,10297.948844831852,0.4754401213376998,1.29505986252769,0.249377022247098,Marrakech,Morocco,MA,Clear,True
2025-02-06,14311.0,189.0,2724.748623025893,8740.00811042495,0.4946598665437364,1.5444488572364186,0.2506798939215431,Marrakech,Morocco,MA,Clear,True
2025-02-07,16228.0,207.0,2834.68309537792,10320.099659182522,0.6633662116722328,1.7868146323148226,0.2467521630291724,Marrakech,Morocco,MA,Clear,True
2025-02-08,22421.0,302.0,3130.9241056730066,14347.855404559692,0.574508406500991,1.363171285225682,0.2462721796503403,Marrakech,Morocco,MA,Clear,True
2025-03-14,9160.0,114.0,2369.60352445188,5845.500011910556,0.5212853450835572,1.4352119324657406,0.2550294451604079,Milan,Italy,IT,Rain,True
2025-03-15,32991.0,476.0,3809.810744882156,21046.121351213376,0.562492462820785,1.468252919933288,0.2477872088007866,Milan,Italy,IT,Rain,True
2025-03-16,31091.0,393.0,3611.787909680583,20396.9301682915,0.7260788548944704,1.4269291883058193,0.2514267471370541,Milan,Italy,IT,Clouds,True
2025-03-17,17652.0,209.0,3113.400743830945,11701.800238178335,0.577321215883858,1.369259207966022,0.2762818989237753,Milan,Italy,IT,Clear,True
2025-03-22,33166.0,416.0,3860.823285216611,21482.16296953031,0.7240894388293374,1.2438158537327035,0.2656556720420916,Madrid,Spain,ES,Rain,True
2025-03-23,30262.0,387.0,3742.962479365383,19842.04382012444,0.7676047416380506,1.4276906194982626,0.2550294451604079,Madrid,Spain,ES,Clouds,True
2025-04-12,22460.0,288.0,3234.538721512477,14737.739030809831,0.5687804129317814,1.4551002442886125,0.252130362967876,Lisbon,Portugal,PT,Fog,True
2025-04-13,27568.0,337.0,3549.7242463374464,18154.937561684423,0.6864901966202971,1.5677864565313178,0.2550294451604079,Lisbon,Portugal,PT,Clouds,True
2025-04-14,32822.0,388.0,3548.073770186344,21754.87670048574,0.8850448671786051,1.669559371816437,0.2466037640692088,Lisbon,Portugal,PT,Rain,True
2025-04-15,24603.0,296.0,3203.980048371262,16101.721397036164,0.7758024667578745,1.6873661366758452,0.2550294451604079,Lisbon,Portugal,PT,Rain,True
2025-04-26,17552.0,222.0,3041.7638924339994,11275.037711198704,0.6747042415613018,1.6646058863746471,0.2549663477612433,Andorra La Vella,Andorra,AD,Rain,True
2025-05-04,23318.0,300.0,3499.795426771763,14973.196700882288,0.598783949831392,1.408950644127876,0.2521036281174226,Monaco,Monaco,MC,Rain,True
2025-05-17,26481.0,356.0,3808.5567056283694,16598.178338270707,0.5872851967569244,1.8296580553713253,0.2510267476778673,Bologna,Italy,IT,Clouds,True
2025-05-18,22711.0,291.0,3217.9578400981245,14441.63269513769,0.5849736852596094,1.4763575740419732,0.2475808590538501,Bologna,Italy,IT,Clear,True
2025-06-18,23465.0,321.0,3737.9751919962296,14731.58217000417,0.501648948598644,1.5314424846651582,0.2422196121575956,Rome,Italy,IT,Rain,True
2025-06-19,25574.0,341.0,3677.3122277895945,16214.22584334744,0.6456744846033844,1.3142192059807951,0.2550294451604079,Rome,Italy,IT,Clear,True
2025-06-20,23902.0,308.0,3570.098799169288,15260.699179224908,0.6656661731898339,1.5631777984499236,0.25360748878352,Rome,Italy,IT,Clear,True
2025-06-22,24622.0,336.0,3924.9241527737886,15650.199552518094,0.5762309848999589,1.700620554588913,0.2454143408502454,Seville,Spain,ES,Clear,True
2025-06-23,18586.0,228.0,2957.42527498337,11887.673227505946,0.6084774004662401,1.9132098345688704,0.2444882424562157,Seville,Spain,ES,Clear,True
2025-06-24,24755.0,325.0,3729.3526746028415,15474.533692686204,0.619349649742567,1.4496361197756682,0.2550294451604079,Seville,Spain,ES,Rain,True
2025-06-25,15268.0,182.0,2612.944193777076,9830.221800990066,0.6718536931670825,1.9165178811161656,0.2476102348927189,Seville,Spain,ES,Clouds,True
2025-06-26,22936.0,266.0,3038.395662481537,14624.847033218786,0.5678556240272473,1.4007190042439024,0.2550294451604079,Tangier,Morocco,MA,Clear,True
2025-06-27,32354.0,380.0,3521.202195772875,21618.87417117728,0.650854284499564,1.4402704644198845,0.2534890850332261,Tangier,Morocco,MA,Clear,True
2025-06-28,12337.0,145.0,2845.085113560175,7664.35947971027,0.5779696013880592,1.441319876167312,0.2550294451604079,Tangier,Morocco,MA,Clouds,True
2025-07-06,30678.0,402.0,4040.793483727734,19351.38983600279,0.6446661575260934,1.4534660779387576,0.2546809441369632,Prague,Czechia,CZ,Clear,True
2025-07-07,30007.0,349.0,3487.946075605985,19767.58439140006,0.7406131907865842,1.4127274868675137,0.251046179118396,Prague,Czechia,CZ,Clouds,True
2025-07-08,38731.0,456.0,4013.355440805699,25935.94184341195,0.6578614305092148,1.4846861868447805,0.2551403757585638,Budapest,Hungary,HU,Rain,True
2025-07-09,25033.0,271.0,3418.3657544922253,16727.358763556465,0.6439148565453616,1.3690473040266389,0.2465581855112247,Budapest,Hungary,HU,Rain,True
2025-07-10,36697.0,429.0,4008.4685832811433,24183.837619417267,0.7859392821932555,1.706310627854608,0.2550294451604079,Vienna,Austria,AT,Rain,True
2025-07-11,17706.0,211.0,3655.6936659784897,11525.671132078403,0.618599696134967,2.076445207281154,0.2467316866902916,Vienna,Austria,AT,Rain,True
2025-08-01,20531.0,274.0,3039.7980921588005,12563.566877137842,0.6036120559783794,1.405793396637682,0.2550294451604079,Tokyo,Japan,JP,Rain,True
2025-08-02,21263.0,293.0,3347.0936292701595,12773.399054887266,0.5792574239024814,1.4515188319168335,0.2542022668017604,Tokyo,Japan,JP,Clouds,True
2025-08-03,26344.0,365.0,3560.52157374415,16324.175146398367,0.6507267841784158,1.4715820357886875,0.2410784167237381,Tokyo,Japan,JP,Clouds,True
2025-08-04,14744.0,180.0,2841.897399873656,9032.2382006905,0.5326300388813638,1.3600062754881468,0.2490330917256451,Osaka,Japan,JP,Clouds,True
2025-08-05,16728.0,213.0,3140.469225364709,10184.655786587728,0.5866281994497494,1.5925038842986243,0.2550294451604079,Osaka,Japan,JP,Clouds,True
2025-08-06,19489.0,273.0,3313.266692842563,11422.052315064104,0.553940951753387,2.0052929792724714,0.2465960948827401,Osaka,Japan,JP,Clouds,True
2025-08-07,15554.0,218.0,3439.31915560322,9538.12141288542,0.5873234536274914,1.3255622713507331,0.2537693580168499,Osaka,Japan,JP,Clouds,True
2025-10-01,16642.0,210.0,3218.136767610239,10484.293028404309,0.5390735239643035,1.647566275527319,0.2547904537983648,Paris,France,FR,Clear,False
2025-10-02,14959.0,183.0,2866.924631795609,9247.78501181256,0.616794363797835,1.5351063182814215,0.2550294451604079,Paris,France,FR,Clear,False
2025-10-03,18077.0,218.0,3520.068844860046,11338.29849221032,0.6170749030186462,1.9439942028574904,0.2456110789849324,Paris,France,FR,Clear,False
2025-10-04,18282.0,210.0,3374.0931395502125,11813.165326670269,0.4556135044945351,1.4045468966088386,0.2546584031449314,Paris,France,FR,Rain,False
2025-10-05,11689.0,127.0,2748.5413175894223,7386.852565615628,0.4790864289344786,1.5834669601038998,0.2550294451604079,Paris,France,FR,Clouds,False
2025-10-06,8719.0,112.0,2609.50028848302,5221.545344702928,0.3919279222758893,1.3505104464812072,0.2537364991307213,Paris,France,FR,Clouds,False
2025-10-07,8267.0,103.0,2917.5755456059023,4751.608009732494,0.5790284835544006,1.9188337448326085,0.2490481642677214,Paris,France,FR,Clear,False
2025-10-08,10089.0,131.0,2944.0137953666385,5958.588946791949,0.4672318162524282,1.4156719610156794,0.2483503904825803,Paris,France,FR,Mist,False
2025-10-09,14013.0,169.0,3033.484162907888,8604.021243160576,0.5620445829625296,1.6645863139824864,0.2539339017556904,Paris,France,FR,Clouds,False
2025-10-10,9735.0,125.0,2878.954127957127,5867.082180068504,0.5482436630455574,1.46720468653451,0.2479502765459657,Paris,France,FR,Clouds,False
2025-10-11,16893.0,204.0,3172.259514221826,10605.809789146022,0.589714723197205,1.847907908687372,0.2528865969129455,Paris,France,FR,Clouds,False
2025-10-12,17102.0,215.0,3231.1770752993543,10741.751692496691,0.5513062471758522,1.587523153965111,0.2476014030683572,Paris,France,FR,Clear,False
2025-10-13,8500.0,91.0,2526.9717453371945,5313.922548996092,0.5002412780782953,1.4674183691728615,0.2550294451604079,Paris,France,FR,Clouds,False
2025-10-14,8645.0,114.0,2786.2458519903507,5269.229830752147,0.6737565704738541,1.6271101922224809,0.2550294451604079,Paris,France,FR,Clouds,False
